name,kind,whitened,full_rank,w@r16,u@r16,w@r32,u@r32,w@r64,u@r64,w@r128,u@r128
token_embd.weight,embed,False,1024,0.028,0.028,0.051,0.051,0.093,0.093,0.167,0.167
blk.0.attn_k.weight,attn_k,True,1024,0.368,0.125,0.462,0.191,0.552,0.291,0.664,0.449
blk.0.attn_output.weight,attn_o,True,1024,0.166,0.06,0.252,0.109,0.366,0.194,0.519,0.335
blk.0.attn_q.weight,attn_q,True,1024,0.36,0.087,0.441,0.142,0.519,0.226,0.618,0.361
blk.0.attn_v.weight,attn_v,True,1024,0.295,0.061,0.369,0.116,0.454,0.217,0.582,0.386
blk.0.ffn_down.weight,ffn_down,True,1024,0.115,0.042,0.175,0.078,0.259,0.145,0.384,0.265
blk.0.ffn_gate.weight,ffn_gate,True,1024,0.432,0.044,0.465,0.084,0.518,0.157,0.602,0.284
blk.0.ffn_up.weight,ffn_up,True,1024,0.464,0.038,0.492,0.074,0.539,0.141,0.615,0.261
blk.1.attn_k.weight,attn_k,True,1024,0.454,0.094,0.512,0.166,0.594,0.281,0.705,0.453
blk.1.attn_output.weight,attn_o,True,1024,0.127,0.051,0.197,0.095,0.3,0.176,0.454,0.317
blk.1.attn_q.weight,attn_q,True,1024,0.494,0.084,0.543,0.15,0.609,0.249,0.695,0.386
blk.1.attn_v.weight,attn_v,True,1024,0.311,0.061,0.364,0.116,0.449,0.216,0.579,0.385
blk.1.ffn_down.weight,ffn_down,True,1024,0.089,0.044,0.142,0.08,0.23,0.147,0.369,0.268
blk.1.ffn_gate.weight,ffn_gate,True,1024,0.709,0.04,0.728,0.077,0.756,0.146,0.799,0.269
blk.1.ffn_up.weight,ffn_up,True,1024,0.766,0.041,0.78,0.078,0.802,0.148,0.835,0.272
blk.2.attn_k.weight,attn_k,True,1024,0.49,0.092,0.555,0.161,0.644,0.276,0.753,0.451
blk.2.attn_output.weight,attn_o,True,1024,0.08,0.054,0.141,0.099,0.242,0.18,0.401,0.319
blk.2.attn_q.weight,attn_q,True,1024,0.521,0.085,0.576,0.152,0.649,0.256,0.739,0.393
blk.2.attn_v.weight,attn_v,True,1024,0.349,0.065,0.413,0.124,0.51,0.229,0.642,0.402
blk.2.ffn_down.weight,ffn_down,True,1024,0.993,0.047,0.994,0.082,0.994,0.149,0.995,0.269
blk.2.ffn_gate.weight,ffn_gate,True,1024,0.645,0.041,0.667,0.079,0.702,0.149,0.755,0.274
blk.2.ffn_up.weight,ffn_up,True,1024,0.715,0.042,0.731,0.079,0.757,0.147,0.796,0.268
blk.3.attn_k.weight,attn_k,True,1024,0.545,0.102,0.611,0.175,0.683,0.291,0.773,0.465
blk.3.attn_output.weight,attn_o,True,1024,0.19,0.051,0.252,0.096,0.34,0.178,0.469,0.319
blk.3.attn_q.weight,attn_q,True,1024,0.541,0.086,0.601,0.15,0.663,0.248,0.739,0.385
blk.3.attn_v.weight,attn_v,True,1024,0.373,0.063,0.428,0.12,0.505,0.223,0.622,0.394
blk.3.ffn_down.weight,ffn_down,True,1024,0.09,0.042,0.142,0.078,0.226,0.146,0.358,0.267
blk.3.ffn_gate.weight,ffn_gate,True,1024,0.63,0.041,0.652,0.078,0.686,0.148,0.739,0.272
blk.3.ffn_up.weight,ffn_up,True,1024,0.665,0.04,0.683,0.077,0.71,0.146,0.755,0.268
blk.4.attn_k.weight,attn_k,True,1024,0.596,0.087,0.653,0.159,0.715,0.273,0.794,0.447
blk.4.attn_output.weight,attn_o,True,1024,0.12,0.048,0.189,0.091,0.297,0.17,0.456,0.309
blk.4.attn_q.weight,attn_q,True,1024,0.593,0.074,0.645,0.129,0.694,0.216,0.758,0.354
blk.4.attn_v.weight,attn_v,True,1024,0.442,0.062,0.494,0.118,0.561,0.22,0.664,0.39
blk.4.ffn_down.weight,ffn_down,True,1024,0.094,0.042,0.151,0.078,0.24,0.146,0.376,0.266
blk.4.ffn_gate.weight,ffn_gate,True,1024,0.543,0.04,0.573,0.078,0.612,0.148,0.675,0.272
blk.4.ffn_up.weight,ffn_up,True,1024,0.561,0.04,0.585,0.077,0.62,0.146,0.677,0.268
blk.5.attn_k.weight,attn_k,True,1024,0.608,0.088,0.665,0.154,0.723,0.263,0.799,0.434
blk.5.attn_output.weight,attn_o,True,1024,0.134,0.049,0.2,0.092,0.303,0.171,0.452,0.307
blk.5.attn_q.weight,attn_q,True,1024,0.603,0.087,0.657,0.152,0.711,0.245,0.776,0.378
blk.5.attn_v.weight,attn_v,True,1024,0.429,0.061,0.484,0.117,0.563,0.217,0.673,0.386
blk.5.ffn_down.weight,ffn_down,True,1024,0.075,0.042,0.124,0.078,0.205,0.145,0.335,0.265
blk.5.ffn_gate.weight,ffn_gate,True,1024,0.454,0.041,0.492,0.078,0.539,0.148,0.613,0.272
blk.5.ffn_up.weight,ffn_up,True,1024,0.48,0.039,0.512,0.076,0.553,0.144,0.622,0.266
blk.6.attn_k.weight,attn_k,True,1024,0.562,0.1,0.629,0.174,0.707,0.296,0.8,0.48
blk.6.attn_output.weight,attn_o,True,1024,0.199,0.051,0.278,0.095,0.386,0.176,0.535,0.316
blk.6.attn_q.weight,attn_q,True,1024,0.543,0.103,0.606,0.184,0.68,0.304,0.765,0.438
blk.6.attn_v.weight,attn_v,True,1024,0.385,0.064,0.443,0.122,0.523,0.226,0.639,0.399
blk.6.ffn_down.weight,ffn_down,True,1024,0.086,0.043,0.135,0.079,0.217,0.147,0.349,0.269
blk.6.ffn_gate.weight,ffn_gate,True,1024,0.458,0.041,0.501,0.079,0.549,0.149,0.623,0.273
blk.6.ffn_up.weight,ffn_up,True,1024,0.473,0.04,0.508,0.077,0.55,0.145,0.62,0.268
blk.7.attn_k.weight,attn_k,True,1024,0.581,0.083,0.646,0.15,0.709,0.261,0.788,0.435
blk.7.attn_output.weight,attn_o,True,1024,0.1,0.05,0.166,0.093,0.264,0.172,0.41,0.311
blk.7.attn_q.weight,attn_q,True,1024,0.569,0.082,0.625,0.141,0.683,0.227,0.753,0.362
blk.7.attn_v.weight,attn_v,True,1024,0.363,0.061,0.422,0.118,0.498,0.218,0.614,0.388
blk.7.ffn_down.weight,ffn_down,True,1024,0.171,0.045,0.217,0.082,0.294,0.15,0.416,0.273
blk.7.ffn_gate.weight,ffn_gate,True,1024,0.481,0.042,0.521,0.08,0.566,0.151,0.637,0.277
blk.7.ffn_up.weight,ffn_up,True,1024,0.484,0.042,0.518,0.079,0.561,0.149,0.629,0.272
blk.8.attn_k.weight,attn_k,True,1024,0.558,0.118,0.623,0.188,0.694,0.304,0.783,0.478
blk.8.attn_output.weight,attn_o,True,1024,0.158,0.055,0.248,0.099,0.381,0.18,0.559,0.32
blk.8.attn_q.weight,attn_q,True,1024,0.545,0.077,0.596,0.141,0.658,0.246,0.74,0.4
blk.8.attn_v.weight,attn_v,True,1024,0.387,0.062,0.439,0.118,0.512,0.22,0.625,0.389
blk.8.ffn_down.weight,ffn_down,True,1024,0.082,0.045,0.131,0.082,0.212,0.151,0.345,0.274
blk.8.ffn_gate.weight,ffn_gate,True,1024,0.471,0.044,0.514,0.083,0.563,0.154,0.636,0.28
blk.8.ffn_up.weight,ffn_up,True,1024,0.465,0.039,0.501,0.076,0.546,0.145,0.617,0.268
blk.9.attn_k.weight,attn_k,True,1024,0.601,0.1,0.662,0.168,0.727,0.281,0.805,0.456
blk.9.attn_output.weight,attn_o,True,1024,0.138,0.055,0.222,0.101,0.345,0.183,0.516,0.324
blk.9.attn_q.weight,attn_q,True,1024,0.586,0.08,0.639,0.145,0.699,0.25,0.771,0.4
blk.9.attn_v.weight,attn_v,True,1024,0.404,0.065,0.461,0.124,0.535,0.229,0.646,0.403
blk.9.ffn_down.weight,ffn_down,True,1024,0.092,0.045,0.143,0.082,0.228,0.152,0.365,0.277
blk.9.ffn_gate.weight,ffn_gate,True,1024,0.534,0.044,0.576,0.084,0.622,0.158,0.688,0.286
blk.9.ffn_up.weight,ffn_up,True,1024,0.557,0.04,0.592,0.077,0.632,0.146,0.691,0.269
blk.10.attn_k.weight,attn_k,True,1024,0.652,0.082,0.701,0.149,0.753,0.26,0.82,0.433
blk.10.attn_output.weight,attn_o,True,1024,0.126,0.053,0.196,0.097,0.303,0.177,0.457,0.316
blk.10.attn_q.weight,attn_q,True,1024,0.631,0.078,0.676,0.136,0.724,0.222,0.783,0.357
blk.10.attn_v.weight,attn_v,True,1024,0.449,0.062,0.5,0.118,0.566,0.219,0.667,0.388
blk.10.ffn_down.weight,ffn_down,True,1024,0.149,0.044,0.202,0.082,0.285,0.151,0.416,0.275
blk.10.ffn_gate.weight,ffn_gate,True,1024,0.561,0.046,0.603,0.087,0.648,0.164,0.711,0.295
blk.10.ffn_up.weight,ffn_up,True,1024,0.574,0.04,0.611,0.077,0.65,0.147,0.708,0.27
blk.11.attn_k.weight,attn_k,True,1024,0.614,0.086,0.678,0.155,0.75,0.273,0.832,0.457
blk.11.attn_output.weight,attn_o,True,1024,0.17,0.064,0.283,0.112,0.429,0.195,0.597,0.336
blk.11.attn_q.weight,attn_q,True,1024,0.593,0.1,0.651,0.178,0.721,0.298,0.803,0.453
blk.11.attn_v.weight,attn_v,True,1024,0.417,0.064,0.482,0.122,0.572,0.225,0.688,0.398
blk.11.ffn_down.weight,ffn_down,True,1024,0.149,0.047,0.196,0.084,0.276,0.155,0.406,0.279
blk.11.ffn_gate.weight,ffn_gate,True,1024,0.498,0.046,0.542,0.088,0.591,0.162,0.663,0.291
blk.11.ffn_up.weight,ffn_up,True,1024,0.505,0.04,0.541,0.078,0.584,0.148,0.651,0.272
blk.12.attn_k.weight,attn_k,True,1024,0.544,0.084,0.615,0.152,0.69,0.269,0.779,0.45
blk.12.attn_output.weight,attn_o,True,1024,0.172,0.054,0.265,0.099,0.392,0.181,0.551,0.323
blk.12.attn_q.weight,attn_q,True,1024,0.501,0.084,0.564,0.152,0.637,0.262,0.729,0.419
blk.12.attn_v.weight,attn_v,True,1024,0.338,0.062,0.401,0.119,0.484,0.221,0.609,0.391
blk.12.ffn_down.weight,ffn_down,True,1024,0.081,0.048,0.132,0.086,0.22,0.156,0.364,0.281
blk.12.ffn_gate.weight,ffn_gate,True,1024,0.478,0.045,0.519,0.086,0.567,0.16,0.641,0.288
blk.12.ffn_up.weight,ffn_up,True,1024,0.5,0.04,0.534,0.078,0.576,0.148,0.644,0.271
blk.13.attn_k.weight,attn_k,True,1024,0.637,0.08,0.706,0.149,0.767,0.266,0.836,0.449
blk.13.attn_output.weight,attn_o,True,1024,0.159,0.055,0.258,0.101,0.391,0.184,0.556,0.327
blk.13.attn_q.weight,attn_q,True,1024,0.581,0.092,0.643,0.163,0.709,0.276,0.785,0.432
blk.13.attn_v.weight,attn_v,True,1024,0.427,0.063,0.493,0.12,0.566,0.222,0.673,0.393
blk.13.ffn_down.weight,ffn_down,True,1024,0.076,0.047,0.129,0.085,0.218,0.155,0.361,0.28
blk.13.ffn_gate.weight,ffn_gate,True,1024,0.46,0.048,0.504,0.09,0.554,0.165,0.632,0.295
blk.13.ffn_up.weight,ffn_up,True,1024,0.478,0.04,0.513,0.078,0.557,0.147,0.628,0.271
blk.14.attn_k.weight,attn_k,True,1024,0.611,0.091,0.681,0.164,0.748,0.284,0.824,0.466
blk.14.attn_output.weight,attn_o,True,1024,0.216,0.052,0.299,0.097,0.415,0.179,0.572,0.32
blk.14.attn_q.weight,attn_q,True,1024,0.579,0.08,0.642,0.145,0.707,0.253,0.783,0.408
blk.14.attn_v.weight,attn_v,True,1024,0.393,0.062,0.458,0.119,0.54,0.221,0.658,0.392
blk.14.ffn_down.weight,ffn_down,True,1024,0.091,0.046,0.148,0.083,0.241,0.153,0.386,0.278
blk.14.ffn_gate.weight,ffn_gate,True,1024,0.478,0.048,0.53,0.091,0.582,0.167,0.657,0.297
blk.14.ffn_up.weight,ffn_up,True,1024,0.475,0.04,0.517,0.078,0.563,0.148,0.634,0.272
blk.15.attn_k.weight,attn_k,True,1024,0.626,0.081,0.695,0.15,0.761,0.265,0.83,0.444
blk.15.attn_output.weight,attn_o,True,1024,0.184,0.053,0.264,0.098,0.378,0.181,0.529,0.323
blk.15.attn_q.weight,attn_q,True,1024,0.595,0.088,0.655,0.16,0.72,0.275,0.793,0.431
blk.15.attn_v.weight,attn_v,True,1024,0.421,0.063,0.486,0.12,0.559,0.222,0.665,0.393
blk.15.ffn_down.weight,ffn_down,True,1024,0.094,0.045,0.151,0.082,0.246,0.152,0.394,0.276
blk.15.ffn_gate.weight,ffn_gate,True,1024,0.529,0.051,0.584,0.095,0.636,0.173,0.706,0.305
blk.15.ffn_up.weight,ffn_up,True,1024,0.533,0.041,0.577,0.078,0.62,0.148,0.684,0.273
blk.16.attn_k.weight,attn_k,True,1024,0.64,0.14,0.719,0.212,0.797,0.328,0.864,0.503
blk.16.attn_output.weight,attn_o,True,1024,0.148,0.055,0.238,0.101,0.371,0.184,0.544,0.326
blk.16.attn_q.weight,attn_q,True,1024,0.593,0.092,0.672,0.17,0.747,0.299,0.824,0.48
blk.16.attn_v.weight,attn_v,True,1024,0.464,0.064,0.54,0.122,0.62,0.225,0.716,0.398
blk.16.ffn_down.weight,ffn_down,True,1024,0.121,0.045,0.202,0.08,0.318,0.147,0.476,0.267
blk.16.ffn_gate.weight,ffn_gate,True,1024,0.54,0.048,0.599,0.091,0.652,0.168,0.721,0.3
blk.16.ffn_up.weight,ffn_up,True,1024,0.55,0.04,0.6,0.077,0.643,0.146,0.705,0.27
blk.17.attn_k.weight,attn_k,True,1024,0.593,0.077,0.684,0.144,0.772,0.258,0.844,0.439
blk.17.attn_output.weight,attn_o,True,1024,0.147,0.052,0.225,0.097,0.342,0.18,0.507,0.322
blk.17.attn_q.weight,attn_q,True,1024,0.542,0.084,0.615,0.153,0.695,0.268,0.78,0.431
blk.17.attn_v.weight,attn_v,True,1024,0.416,0.064,0.497,0.122,0.589,0.226,0.701,0.398
blk.17.ffn_down.weight,ffn_down,True,1024,0.126,0.043,0.193,0.08,0.291,0.148,0.438,0.271
blk.17.ffn_gate.weight,ffn_gate,True,1024,0.552,0.048,0.616,0.091,0.672,0.167,0.743,0.297
blk.17.ffn_up.weight,ffn_up,True,1024,0.557,0.04,0.611,0.078,0.658,0.148,0.72,0.272
blk.18.attn_k.weight,attn_k,True,1024,0.593,0.094,0.68,0.167,0.768,0.284,0.846,0.463
blk.18.attn_output.weight,attn_o,True,1024,0.139,0.051,0.214,0.096,0.327,0.176,0.488,0.316
blk.18.attn_q.weight,attn_q,True,1024,0.57,0.095,0.65,0.173,0.732,0.298,0.813,0.472
blk.18.attn_v.weight,attn_v,True,1024,0.454,0.063,0.531,0.119,0.623,0.221,0.732,0.39
blk.18.ffn_down.weight,ffn_down,True,1024,0.107,0.043,0.171,0.08,0.275,0.148,0.43,0.27
blk.18.ffn_gate.weight,ffn_gate,True,1024,0.53,0.051,0.595,0.093,0.655,0.169,0.731,0.299
blk.18.ffn_up.weight,ffn_up,True,1024,0.533,0.041,0.589,0.078,0.639,0.148,0.705,0.272
blk.19.attn_k.weight,attn_k,True,1024,0.591,0.088,0.683,0.157,0.772,0.274,0.845,0.454
blk.19.attn_output.weight,attn_o,True,1024,0.149,0.051,0.235,0.097,0.36,0.179,0.534,0.321
blk.19.attn_q.weight,attn_q,True,1024,0.544,0.097,0.627,0.177,0.713,0.31,0.802,0.495
blk.19.attn_v.weight,attn_v,True,1024,0.416,0.067,0.49,0.125,0.581,0.23,0.698,0.402
blk.19.ffn_down.weight,ffn_down,True,1024,0.122,0.047,0.191,0.084,0.297,0.152,0.45,0.274
blk.19.ffn_gate.weight,ffn_gate,True,1024,0.493,0.05,0.564,0.093,0.629,0.169,0.71,0.299
blk.19.ffn_up.weight,ffn_up,True,1024,0.488,0.042,0.553,0.08,0.609,0.15,0.681,0.274
blk.20.attn_k.weight,attn_k,True,1024,0.578,0.081,0.674,0.147,0.764,0.26,0.844,0.439
blk.20.attn_output.weight,attn_o,True,1024,0.146,0.052,0.226,0.096,0.343,0.177,0.504,0.318
blk.20.attn_q.weight,attn_q,True,1024,0.537,0.095,0.621,0.173,0.708,0.302,0.798,0.485
blk.20.attn_v.weight,attn_v,True,1024,0.368,0.069,0.453,0.13,0.557,0.237,0.697,0.411
blk.20.ffn_down.weight,ffn_down,True,1024,0.119,0.045,0.181,0.082,0.282,0.151,0.436,0.274
blk.20.ffn_gate.weight,ffn_gate,True,1024,0.484,0.047,0.555,0.087,0.623,0.161,0.705,0.288
blk.20.ffn_up.weight,ffn_up,True,1024,0.473,0.04,0.539,0.077,0.601,0.147,0.676,0.27
blk.21.attn_k.weight,attn_k,True,1024,0.497,0.102,0.597,0.172,0.702,0.289,0.804,0.471
blk.21.attn_output.weight,attn_o,True,1024,0.15,0.06,0.227,0.108,0.327,0.192,0.47,0.333
blk.21.attn_q.weight,attn_q,True,1024,0.459,0.089,0.556,0.163,0.659,0.285,0.764,0.462
blk.21.attn_v.weight,attn_v,True,1024,0.333,0.081,0.414,0.149,0.524,0.261,0.672,0.435
blk.21.ffn_down.weight,ffn_down,True,1024,0.172,0.044,0.245,0.081,0.354,0.152,0.508,0.277
blk.21.ffn_gate.weight,ffn_gate,True,1024,0.456,0.046,0.526,0.086,0.596,0.158,0.679,0.284
blk.21.ffn_up.weight,ffn_up,True,1024,0.449,0.04,0.511,0.077,0.575,0.146,0.653,0.269
blk.22.attn_k.weight,attn_k,True,1024,0.526,0.082,0.629,0.15,0.727,0.268,0.819,0.451
blk.22.attn_output.weight,attn_o,True,1024,0.169,0.052,0.236,0.096,0.336,0.176,0.48,0.315
blk.22.attn_q.weight,attn_q,True,1024,0.482,0.083,0.577,0.153,0.671,0.272,0.768,0.446
blk.22.attn_v.weight,attn_v,True,1024,0.348,0.066,0.432,0.125,0.544,0.229,0.691,0.403
blk.22.ffn_down.weight,ffn_down,True,1024,0.208,0.043,0.283,0.081,0.388,0.153,0.535,0.28
blk.22.ffn_gate.weight,ffn_gate,True,1024,0.438,0.044,0.499,0.082,0.567,0.153,0.651,0.277
blk.22.ffn_up.weight,ffn_up,True,1024,0.422,0.039,0.478,0.075,0.541,0.144,0.623,0.266
blk.23.attn_k.weight,attn_k,True,1024,0.6,0.074,0.684,0.138,0.766,0.249,0.849,0.427
blk.23.attn_output.weight,attn_o,True,1024,0.179,0.052,0.252,0.095,0.355,0.175,0.502,0.314
blk.23.attn_q.weight,attn_q,True,1024,0.562,0.095,0.643,0.166,0.721,0.272,0.804,0.41
blk.23.attn_v.weight,attn_v,True,1024,0.393,0.065,0.473,0.123,0.577,0.227,0.711,0.399
blk.23.ffn_down.weight,ffn_down,True,1024,0.183,0.043,0.257,0.081,0.365,0.154,0.511,0.282
blk.23.ffn_gate.weight,ffn_gate,True,1024,0.433,0.042,0.488,0.08,0.553,0.149,0.636,0.272
blk.23.ffn_up.weight,ffn_up,True,1024,0.423,0.039,0.475,0.075,0.537,0.143,0.617,0.265
blk.24.attn_k.weight,attn_k,True,1024,0.546,0.081,0.638,0.15,0.736,0.267,0.838,0.449
blk.24.attn_output.weight,attn_o,True,1024,0.194,0.052,0.28,0.095,0.39,0.175,0.531,0.315
blk.24.attn_q.weight,attn_q,True,1024,0.506,0.089,0.594,0.162,0.691,0.282,0.798,0.449
blk.24.attn_v.weight,attn_v,True,1024,0.361,0.062,0.441,0.119,0.559,0.222,0.711,0.393
blk.24.ffn_down.weight,ffn_down,True,1024,0.244,0.042,0.31,0.081,0.4,0.153,0.527,0.28
blk.24.ffn_gate.weight,ffn_gate,True,1024,0.42,0.042,0.478,0.079,0.547,0.148,0.63,0.27
blk.24.ffn_up.weight,ffn_up,True,1024,0.404,0.038,0.458,0.075,0.524,0.143,0.608,0.264
blk.25.attn_k.weight,attn_k,True,1024,0.479,0.076,0.589,0.142,0.706,0.256,0.833,0.438
blk.25.attn_output.weight,attn_o,True,1024,0.199,0.051,0.275,0.095,0.367,0.175,0.497,0.315
blk.25.attn_q.weight,attn_q,True,1024,0.45,0.082,0.553,0.152,0.669,0.27,0.795,0.444
blk.25.attn_v.weight,attn_v,True,1024,0.293,0.063,0.396,0.121,0.545,0.223,0.724,0.394
blk.25.ffn_down.weight,ffn_down,True,1024,0.253,0.041,0.32,0.078,0.408,0.149,0.53,0.274
blk.25.ffn_gate.weight,ffn_gate,True,1024,0.441,0.045,0.507,0.082,0.577,0.151,0.658,0.273
blk.25.ffn_up.weight,ffn_up,True,1024,0.419,0.039,0.481,0.075,0.55,0.143,0.632,0.265
blk.26.attn_k.weight,attn_k,True,1024,0.483,0.082,0.579,0.149,0.696,0.263,0.828,0.44
blk.26.attn_output.weight,attn_o,True,1024,0.218,0.08,0.349,0.136,0.508,0.217,0.662,0.35
blk.26.attn_q.weight,attn_q,True,1024,0.444,0.072,0.533,0.135,0.644,0.246,0.775,0.42
blk.26.attn_v.weight,attn_v,True,1024,0.29,0.062,0.391,0.119,0.545,0.221,0.73,0.392
blk.26.ffn_down.weight,ffn_down,True,1024,0.236,0.051,0.311,0.093,0.407,0.163,0.535,0.284
blk.26.ffn_gate.weight,ffn_gate,True,1024,0.544,0.058,0.612,0.096,0.673,0.165,0.739,0.286
blk.26.ffn_up.weight,ffn_up,True,1024,0.524,0.048,0.591,0.084,0.653,0.152,0.72,0.273
blk.27.attn_k.weight,attn_k,True,1024,0.543,0.077,0.623,0.142,0.696,0.248,0.779,0.417
blk.27.attn_output.weight,attn_o,True,1024,0.14,0.049,0.192,0.091,0.28,0.17,0.423,0.306
blk.27.attn_q.weight,attn_q,True,1024,0.534,0.076,0.614,0.138,0.687,0.235,0.762,0.371
blk.27.attn_v.weight,attn_v,True,1024,0.382,0.06,0.465,0.116,0.552,0.216,0.661,0.384
blk.27.ffn_down.weight,ffn_down,True,1024,0.807,0.046,0.876,0.083,0.923,0.152,0.949,0.273
blk.27.ffn_gate.weight,ffn_gate,True,1024,0.679,0.123,0.744,0.165,0.793,0.232,0.838,0.347
blk.27.ffn_up.weight,ffn_up,True,1024,0.668,0.089,0.734,0.126,0.782,0.192,0.827,0.309
