name,kind,m,n,params,full_rank,r90,r95,r99,r999,C_at_r95,stable_rank,secs
token_embd.weight,embed,151936,1024,155582464,1024,832,915,993,1019,1.112,8.9,4.5
blk.0.attn_k.weight,attn_k,1024,1024,1048576,1024,459,565,743,886,0.906,15.0,0.1
blk.0.attn_output.weight,attn_o,1024,2048,2097152,1024,768,868,978,1015,0.786,120.7,0.2
blk.0.attn_q.weight,attn_q,2048,1024,2097152,1024,608,735,918,1007,0.929,21.3,0.2
blk.0.attn_v.weight,attn_v,1024,1024,1048576,1024,536,625,779,906,0.819,201.0,0.1
blk.0.ffn_down.weight,ffn_down,1024,3072,3145728,1024,734,840,964,1013,0.914,124.0,0.3
blk.0.ffn_gate.weight,ffn_gate,3072,1024,3145728,1024,694,814,957,1008,0.943,67.3,0.2
blk.0.ffn_up.weight,ffn_up,3072,1024,3145728,1024,736,842,964,1007,0.912,272.6,0.2
blk.1.attn_k.weight,attn_k,1024,1024,1048576,1024,438,545,730,882,0.939,51.2,0.1
blk.1.attn_output.weight,attn_o,1024,2048,2097152,1024,566,695,895,1002,0.982,113.8,0.2
blk.1.attn_q.weight,attn_q,2048,1024,2097152,1024,553,688,893,1000,0.992,39.0,0.2
blk.1.attn_v.weight,attn_v,1024,1024,1048576,1024,494,598,770,904,0.856,142.4,0.1
blk.1.ffn_down.weight,ffn_down,1024,3072,3145728,1024,709,823,962,1014,0.933,113.9,0.3
blk.1.ffn_gate.weight,ffn_gate,3072,1024,3145728,1024,703,820,960,1011,0.937,72.2,0.2
blk.1.ffn_up.weight,ffn_up,3072,1024,3145728,1024,722,833,964,1010,0.922,224.9,0.2
blk.2.attn_k.weight,attn_k,1024,1024,1048576,1024,422,526,706,862,0.973,38.6,0.1
blk.2.attn_output.weight,attn_o,1024,2048,2097152,1024,569,699,899,1003,0.977,100.8,0.2
blk.2.attn_q.weight,attn_q,2048,1024,2097152,1024,530,663,874,995,1.03,35.6,0.2
blk.2.attn_v.weight,attn_v,1024,1024,1048576,1024,470,574,751,893,0.892,137.2,0.1
blk.2.ffn_down.weight,ffn_down,1024,3072,3145728,1024,710,821,955,1011,0.935,110.7,0.3
blk.2.ffn_gate.weight,ffn_gate,3072,1024,3145728,1024,690,810,955,1010,0.948,83.8,0.2
blk.2.ffn_up.weight,ffn_up,3072,1024,3145728,1024,719,830,962,1009,0.925,79.0,0.2
blk.3.attn_k.weight,attn_k,1024,1024,1048576,1024,427,530,710,864,0.966,80.6,0.1
blk.3.attn_output.weight,attn_o,1024,2048,2097152,1024,584,710,898,1000,0.962,138.6,0.2
blk.3.attn_q.weight,attn_q,2048,1024,2097152,1024,553,685,889,1000,0.997,56.7,0.2
blk.3.attn_v.weight,attn_v,1024,1024,1048576,1024,495,597,768,902,0.858,162.0,0.1
blk.3.ffn_down.weight,ffn_down,1024,3072,3145728,1024,700,811,951,1010,0.947,151.1,0.2
blk.3.ffn_gate.weight,ffn_gate,3072,1024,3145728,1024,697,812,953,1008,0.946,74.5,0.2
blk.3.ffn_up.weight,ffn_up,3072,1024,3145728,1024,720,830,960,1008,0.925,240.1,0.2
blk.4.attn_k.weight,attn_k,1024,1024,1048576,1024,442,544,723,874,0.941,51.9,0.1
blk.4.attn_output.weight,attn_o,1024,2048,2097152,1024,612,732,910,1003,0.933,160.0,0.2
blk.4.attn_q.weight,attn_q,2048,1024,2097152,1024,583,712,904,1003,0.959,65.4,0.1
blk.4.attn_v.weight,attn_v,1024,1024,1048576,1024,511,610,774,905,0.839,202.5,0.1
blk.4.ffn_down.weight,ffn_down,1024,3072,3145728,1024,694,804,947,1010,0.955,139.8,0.2
blk.4.ffn_gate.weight,ffn_gate,3072,1024,3145728,1024,688,803,948,1006,0.956,52.9,0.2
blk.4.ffn_up.weight,ffn_up,3072,1024,3145728,1024,716,825,956,1008,0.931,139.4,0.2
blk.5.attn_k.weight,attn_k,1024,1024,1048576,1024,441,545,726,878,0.939,66.5,0.1
blk.5.attn_output.weight,attn_o,1024,2048,2097152,1024,643,763,932,1010,0.895,163.6,0.2
blk.5.attn_q.weight,attn_q,2048,1024,2097152,1024,566,697,894,1000,0.979,51.9,0.2
blk.5.attn_v.weight,attn_v,1024,1024,1048576,1024,509,610,775,907,0.839,118.5,0.1
blk.5.ffn_down.weight,ffn_down,1024,3072,3145728,1024,696,808,950,1012,0.95,129.4,0.3
blk.5.ffn_gate.weight,ffn_gate,3072,1024,3145728,1024,681,797,944,1007,0.964,78.1,0.2
blk.5.ffn_up.weight,ffn_up,3072,1024,3145728,1024,706,816,952,1008,0.941,242.8,0.2
blk.6.attn_k.weight,attn_k,1024,1024,1048576,1024,383,485,668,832,1.056,77.6,0.1
blk.6.attn_output.weight,attn_o,1024,2048,2097152,1024,595,717,902,1001,0.952,126.5,0.2
blk.6.attn_q.weight,attn_q,2048,1024,2097152,1024,492,627,850,988,1.089,38.0,0.1
blk.6.attn_v.weight,attn_v,1024,1024,1048576,1024,487,590,761,899,0.868,178.2,0.1
blk.6.ffn_down.weight,ffn_down,1024,3072,3145728,1024,668,783,935,1007,0.981,132.6,0.2
blk.6.ffn_gate.weight,ffn_gate,3072,1024,3145728,1024,681,799,946,1005,0.961,64.8,0.2
blk.6.ffn_up.weight,ffn_up,3072,1024,3145728,1024,706,816,950,1006,0.941,276.2,0.2
blk.7.attn_k.weight,attn_k,1024,1024,1048576,1024,432,539,725,879,0.95,56.7,0.1
blk.7.attn_output.weight,attn_o,1024,2048,2097152,1024,587,708,892,997,0.964,144.5,0.2
blk.7.attn_q.weight,attn_q,2048,1024,2097152,1024,556,689,891,999,0.991,59.3,0.1
blk.7.attn_v.weight,attn_v,1024,1024,1048576,1024,504,603,769,902,0.849,177.1,0.2
blk.7.ffn_down.weight,ffn_down,1024,3072,3145728,1024,662,776,928,1005,0.99,94.3,2.4
blk.7.ffn_gate.weight,ffn_gate,3072,1024,3145728,1024,664,784,939,1005,0.98,65.1,1.2
blk.7.ffn_up.weight,ffn_up,3072,1024,3145728,1024,698,809,947,1006,0.949,230.6,0.2
blk.8.attn_k.weight,attn_k,1024,1024,1048576,1024,395,503,698,864,1.018,17.8,0.1
blk.8.attn_output.weight,attn_o,1024,2048,2097152,1024,572,696,883,993,0.981,92.0,0.2
blk.8.attn_q.weight,attn_q,2048,1024,2097152,1024,518,653,868,993,1.045,54.5,0.2
blk.8.attn_v.weight,attn_v,1024,1024,1048576,1024,466,570,748,891,0.898,56.8,0.1
blk.8.ffn_down.weight,ffn_down,1024,3072,3145728,1024,654,769,923,1004,0.999,98.5,0.3
blk.8.ffn_gate.weight,ffn_gate,3072,1024,3145728,1024,664,785,942,1007,0.978,74.3,0.2
blk.8.ffn_up.weight,ffn_up,3072,1024,3145728,1024,697,809,950,1007,0.949,198.0,0.2
blk.9.attn_k.weight,attn_k,1024,1024,1048576,1024,411,520,711,871,0.985,79.1,0.1
blk.9.attn_output.weight,attn_o,1024,2048,2097152,1024,575,696,884,993,0.981,107.0,0.2
blk.9.attn_q.weight,attn_q,2048,1024,2097152,1024,530,665,876,994,1.027,56.8,0.2
blk.9.attn_v.weight,attn_v,1024,1024,1048576,1024,485,589,761,898,0.869,159.7,0.1
blk.9.ffn_down.weight,ffn_down,1024,3072,3145728,1024,654,769,923,1004,0.999,105.1,0.3
blk.9.ffn_gate.weight,ffn_gate,3072,1024,3145728,1024,646,771,936,1006,0.996,75.1,0.2
blk.9.ffn_up.weight,ffn_up,3072,1024,3145728,1024,689,803,948,1007,0.956,236.0,0.2
blk.10.attn_k.weight,attn_k,1024,1024,1048576,1024,417,525,714,872,0.975,50.4,0.1
blk.10.attn_output.weight,attn_o,1024,2048,2097152,1024,583,700,877,988,0.975,124.5,0.2
blk.10.attn_q.weight,attn_q,2048,1024,2097152,1024,544,679,885,996,1.005,61.9,0.2
blk.10.attn_v.weight,attn_v,1024,1024,1048576,1024,484,584,755,894,0.877,149.9,0.1
blk.10.ffn_down.weight,ffn_down,1024,3072,3145728,1024,667,782,933,1006,0.982,112.9,0.3
blk.10.ffn_gate.weight,ffn_gate,3072,1024,3145728,1024,641,767,934,1006,1.001,85.9,0.2
blk.10.ffn_up.weight,ffn_up,3072,1024,3145728,1024,686,802,949,1008,0.958,221.7,0.2
blk.11.attn_k.weight,attn_k,1024,1024,1048576,1024,379,481,668,837,1.064,57.5,0.1
blk.11.attn_output.weight,attn_o,1024,2048,2097152,1024,566,692,890,999,0.987,115.9,0.2
blk.11.attn_q.weight,attn_q,2048,1024,2097152,1024,459,592,821,973,1.153,28.5,0.2
blk.11.attn_v.weight,attn_v,1024,1024,1048576,1024,461,563,736,881,0.909,129.5,0.2
blk.11.ffn_down.weight,ffn_down,1024,3072,3145728,1024,641,760,926,1007,1.011,83.2,0.3
blk.11.ffn_gate.weight,ffn_gate,3072,1024,3145728,1024,647,771,936,1005,0.996,93.1,0.3
blk.11.ffn_up.weight,ffn_up,3072,1024,3145728,1024,681,798,945,1006,0.962,241.6,0.2
blk.12.attn_k.weight,attn_k,1024,1024,1048576,1024,380,487,684,854,1.051,18.4,0.1
blk.12.attn_output.weight,attn_o,1024,2048,2097152,1024,535,661,862,989,1.033,114.7,0.2
blk.12.attn_q.weight,attn_q,2048,1024,2097152,1024,502,637,857,987,1.072,53.2,0.2
blk.12.attn_v.weight,attn_v,1024,1024,1048576,1024,419,525,715,873,0.975,43.1,0.1
blk.12.ffn_down.weight,ffn_down,1024,3072,3145728,1024,631,753,924,1007,1.02,78.4,0.3
blk.12.ffn_gate.weight,ffn_gate,3072,1024,3145728,1024,643,769,936,1005,0.999,100.8,0.2
blk.12.ffn_up.weight,ffn_up,3072,1024,3145728,1024,683,799,946,1006,0.961,243.7,0.2
blk.13.attn_k.weight,attn_k,1024,1024,1048576,1024,365,475,674,849,1.078,23.6,0.1
blk.13.attn_output.weight,attn_o,1024,2048,2097152,1024,525,648,849,982,1.053,106.2,0.2
blk.13.attn_q.weight,attn_q,2048,1024,2097152,1024,450,588,825,976,1.161,41.2,0.2
blk.13.attn_v.weight,attn_v,1024,1024,1048576,1024,438,543,726,878,0.943,46.6,0.1
blk.13.ffn_down.weight,ffn_down,1024,3072,3145728,1024,621,743,915,1005,1.034,78.8,0.3
blk.13.ffn_gate.weight,ffn_gate,3072,1024,3145728,1024,631,759,931,1005,1.012,105.4,0.2
blk.13.ffn_up.weight,ffn_up,3072,1024,3145728,1024,671,789,941,1005,0.973,243.3,0.2
blk.14.attn_k.weight,attn_k,1024,1024,1048576,1024,367,473,669,843,1.082,23.2,0.1
blk.14.attn_output.weight,attn_o,1024,2048,2097152,1024,539,663,861,987,1.03,110.8,0.2
blk.14.attn_q.weight,attn_q,2048,1024,2097152,1024,476,610,837,981,1.119,53.3,0.2
blk.14.attn_v.weight,attn_v,1024,1024,1048576,1024,435,540,723,877,0.948,55.3,0.1
blk.14.ffn_down.weight,ffn_down,1024,3072,3145728,1024,622,747,919,1006,1.028,82.2,0.3
blk.14.ffn_gate.weight,ffn_gate,3072,1024,3145728,1024,628,756,928,1004,1.016,103.1,0.2
blk.14.ffn_up.weight,ffn_up,3072,1024,3145728,1024,669,787,939,1005,0.976,233.3,0.2
blk.15.attn_k.weight,attn_k,1024,1024,1048576,1024,379,486,682,855,1.053,62.5,0.1
blk.15.attn_output.weight,attn_o,1024,2048,2097152,1024,525,651,851,981,1.049,135.2,0.2
blk.15.attn_q.weight,attn_q,2048,1024,2097152,1024,455,595,831,980,1.147,57.4,0.2
blk.15.attn_v.weight,attn_v,1024,1024,1048576,1024,454,558,738,885,0.918,149.5,0.1
blk.15.ffn_down.weight,ffn_down,1024,3072,3145728,1024,619,740,907,1000,1.038,103.6,0.3
blk.15.ffn_gate.weight,ffn_gate,3072,1024,3145728,1024,630,758,930,1005,1.013,98.3,0.2
blk.15.ffn_up.weight,ffn_up,3072,1024,3145728,1024,671,789,942,1006,0.973,227.9,0.2
blk.16.attn_k.weight,attn_k,1024,1024,1048576,1024,352,458,659,842,1.118,70.8,0.1
blk.16.attn_output.weight,attn_o,1024,2048,2097152,1024,534,655,849,976,1.042,138.3,0.2
blk.16.attn_q.weight,attn_q,2048,1024,2097152,1024,411,547,793,966,1.248,41.0,0.2
blk.16.attn_v.weight,attn_v,1024,1024,1048576,1024,449,551,729,879,0.929,153.9,0.1
blk.16.ffn_down.weight,ffn_down,1024,3072,3145728,1024,678,800,953,1013,0.96,104.0,0.3
blk.16.ffn_gate.weight,ffn_gate,3072,1024,3145728,1024,633,760,932,1006,1.011,77.8,0.3
blk.16.ffn_up.weight,ffn_up,3072,1024,3145728,1024,685,803,950,1009,0.956,205.5,0.2
blk.17.attn_k.weight,attn_k,1024,1024,1048576,1024,361,470,671,849,1.089,73.2,0.1
blk.17.attn_output.weight,attn_o,1024,2048,2097152,1024,517,638,845,984,1.07,165.3,0.2
blk.17.attn_q.weight,attn_q,2048,1024,2097152,1024,421,556,800,969,1.228,41.9,0.2
blk.17.attn_v.weight,attn_v,1024,1024,1048576,1024,445,545,720,872,0.939,182.5,0.1
blk.17.ffn_down.weight,ffn_down,1024,3072,3145728,1024,657,778,939,1010,0.987,145.9,0.5
blk.17.ffn_gate.weight,ffn_gate,3072,1024,3145728,1024,640,764,931,1005,1.005,89.8,0.2
blk.17.ffn_up.weight,ffn_up,3072,1024,3145728,1024,665,785,940,1006,0.978,184.2,0.2
blk.18.attn_k.weight,attn_k,1024,1024,1048576,1024,379,482,674,848,1.062,94.7,0.1
blk.18.attn_output.weight,attn_o,1024,2048,2097152,1024,549,674,872,992,1.013,153.3,0.2
blk.18.attn_q.weight,attn_q,2048,1024,2097152,1024,438,573,811,972,1.191,49.7,0.2
blk.18.attn_v.weight,attn_v,1024,1024,1048576,1024,461,563,737,883,0.909,142.4,0.1
blk.18.ffn_down.weight,ffn_down,1024,3072,3145728,1024,660,782,944,1012,0.982,110.7,0.3
blk.18.ffn_gate.weight,ffn_gate,3072,1024,3145728,1024,648,771,936,1007,0.996,78.8,0.2
blk.18.ffn_up.weight,ffn_up,3072,1024,3145728,1024,674,793,944,1008,0.968,142.9,0.2
blk.19.attn_k.weight,attn_k,1024,1024,1048576,1024,376,482,678,852,1.062,84.0,0.1
blk.19.attn_output.weight,attn_o,1024,2048,2097152,1024,528,651,857,990,1.049,179.2,0.2
blk.19.attn_q.weight,attn_q,2048,1024,2097152,1024,421,555,796,966,1.23,53.2,0.2
blk.19.attn_v.weight,attn_v,1024,1024,1048576,1024,451,551,723,871,0.929,132.1,0.1
blk.19.ffn_down.weight,ffn_down,1024,3072,3145728,1024,655,776,939,1012,0.99,129.1,0.3
blk.19.ffn_gate.weight,ffn_gate,3072,1024,3145728,1024,643,765,929,1006,1.004,73.5,0.2
blk.19.ffn_up.weight,ffn_up,3072,1024,3145728,1024,673,790,939,1007,0.972,117.5,0.2
blk.20.attn_k.weight,attn_k,1024,1024,1048576,1024,390,497,691,859,1.03,76.4,0.1
blk.20.attn_output.weight,attn_o,1024,2048,2097152,1024,580,702,891,998,0.972,159.7,0.2
blk.20.attn_q.weight,attn_q,2048,1024,2097152,1024,432,569,808,972,1.2,47.4,0.2
blk.20.attn_v.weight,attn_v,1024,1024,1048576,1024,433,535,716,873,0.957,155.6,0.2
blk.20.ffn_down.weight,ffn_down,1024,3072,3145728,1024,655,769,922,999,0.999,143.5,0.3
blk.20.ffn_gate.weight,ffn_gate,3072,1024,3145728,1024,647,766,927,1005,1.003,73.7,0.2
blk.20.ffn_up.weight,ffn_up,3072,1024,3145728,1024,659,775,930,1005,0.991,118.4,0.2
blk.21.attn_k.weight,attn_k,1024,1024,1048576,1024,359,459,650,828,1.115,93.6,0.1
blk.21.attn_output.weight,attn_o,1024,2048,2097152,1024,541,671,876,996,1.017,133.8,0.3
blk.21.attn_q.weight,attn_q,2048,1024,2097152,1024,449,579,804,967,1.179,64.2,0.2
blk.21.attn_v.weight,attn_v,1024,1024,1048576,1024,416,513,691,852,0.998,125.2,0.1
blk.21.ffn_down.weight,ffn_down,1024,3072,3145728,1024,667,780,931,1003,0.985,162.3,0.3
blk.21.ffn_gate.weight,ffn_gate,3072,1024,3145728,1024,648,767,928,1006,1.001,70.2,0.2
blk.21.ffn_up.weight,ffn_up,3072,1024,3145728,1024,661,777,931,1006,0.988,154.7,0.2
blk.22.attn_k.weight,attn_k,1024,1024,1048576,1024,382,485,677,849,1.056,96.4,0.1
blk.22.attn_output.weight,attn_o,1024,2048,2097152,1024,592,714,901,1001,0.956,139.9,0.2
blk.22.attn_q.weight,attn_q,2048,1024,2097152,1024,488,618,834,979,1.105,83.2,0.2
blk.22.attn_v.weight,attn_v,1024,1024,1048576,1024,451,550,725,875,0.931,154.7,0.1
blk.22.ffn_down.weight,ffn_down,1024,3072,3145728,1024,659,769,918,993,0.999,162.9,0.3
blk.22.ffn_gate.weight,ffn_gate,3072,1024,3145728,1024,662,780,936,1006,0.985,70.2,0.2
blk.22.ffn_up.weight,ffn_up,3072,1024,3145728,1024,674,790,940,1005,0.972,207.6,0.2
blk.23.attn_k.weight,attn_k,1024,1024,1048576,1024,416,520,705,865,0.985,89.4,0.1
blk.23.attn_output.weight,attn_o,1024,2048,2097152,1024,621,742,917,1004,0.92,153.3,0.2
blk.23.attn_q.weight,attn_q,2048,1024,2097152,1024,518,648,857,987,1.053,57.8,0.2
blk.23.attn_v.weight,attn_v,1024,1024,1048576,1024,464,561,731,877,0.913,155.0,0.1
blk.23.ffn_down.weight,ffn_down,1024,3072,3145728,1024,647,757,909,987,1.015,174.1,0.3
blk.23.ffn_gate.weight,ffn_gate,3072,1024,3145728,1024,669,786,937,1007,0.977,67.9,0.2
blk.23.ffn_up.weight,ffn_up,3072,1024,3145728,1024,679,793,940,1007,0.968,190.3,0.2
blk.24.attn_k.weight,attn_k,1024,1024,1048576,1024,374,472,657,834,1.085,61.7,0.1
blk.24.attn_output.weight,attn_o,1024,2048,2097152,1024,607,723,895,990,0.944,128.9,0.2
blk.24.attn_q.weight,attn_q,2048,1024,2097152,1024,467,596,815,971,1.145,44.4,0.2
blk.24.attn_v.weight,attn_v,1024,1024,1048576,1024,428,523,699,858,0.979,151.6,0.1
blk.24.ffn_down.weight,ffn_down,1024,3072,3145728,1024,654,765,915,988,1.004,191.8,0.3
blk.24.ffn_gate.weight,ffn_gate,3072,1024,3145728,1024,679,797,947,1008,0.964,79.1,0.2
blk.24.ffn_up.weight,ffn_up,3072,1024,3145728,1024,686,801,947,1007,0.959,218.5,0.2
blk.25.attn_k.weight,attn_k,1024,1024,1048576,1024,367,465,649,828,1.101,59.8,0.1
blk.25.attn_output.weight,attn_o,1024,2048,2097152,1024,605,724,899,994,0.943,164.9,0.2
blk.25.attn_q.weight,attn_q,2048,1024,2097152,1024,444,571,793,960,1.196,45.4,0.2
blk.25.attn_v.weight,attn_v,1024,1024,1048576,1024,422,520,699,857,0.985,109.6,0.1
blk.25.ffn_down.weight,ffn_down,1024,3072,3145728,1024,677,790,934,998,0.972,221.3,0.3
blk.25.ffn_gate.weight,ffn_gate,3072,1024,3145728,1024,682,801,950,1009,0.959,94.1,0.2
blk.25.ffn_up.weight,ffn_up,3072,1024,3145728,1024,686,802,949,1008,0.958,179.5,0.2
blk.26.attn_k.weight,attn_k,1024,1024,1048576,1024,371,472,660,835,1.085,55.7,0.1
blk.26.attn_output.weight,attn_o,1024,2048,2097152,1024,588,713,899,999,0.957,125.1,0.2
blk.26.attn_q.weight,attn_q,2048,1024,2097152,1024,463,583,796,958,1.171,66.5,0.2
blk.26.attn_v.weight,attn_v,1024,1024,1048576,1024,414,517,702,863,0.99,110.3,0.1
blk.26.ffn_down.weight,ffn_down,1024,3072,3145728,1024,706,823,963,1015,0.933,233.6,0.3
blk.26.ffn_gate.weight,ffn_gate,3072,1024,3145728,1024,677,798,950,1010,0.962,65.0,0.2
blk.26.ffn_up.weight,ffn_up,3072,1024,3145728,1024,693,809,953,1010,0.949,86.3,0.2
blk.27.attn_k.weight,attn_k,1024,1024,1048576,1024,474,578,753,894,0.886,32.1,0.1
blk.27.attn_output.weight,attn_o,1024,2048,2097152,1024,650,767,931,1008,0.89,161.5,0.2
blk.27.attn_q.weight,attn_q,2048,1024,2097152,1024,600,725,908,1001,0.942,39.8,0.2
blk.27.attn_v.weight,attn_v,1024,1024,1048576,1024,518,616,778,905,0.831,169.4,0.1
blk.27.ffn_down.weight,ffn_down,1024,3072,3145728,1024,722,837,972,1017,0.918,155.9,0.3
blk.27.ffn_gate.weight,ffn_gate,3072,1024,3145728,1024,672,796,948,1008,0.965,17.7,0.2
blk.27.ffn_up.weight,ffn_up,3072,1024,3145728,1024,691,810,953,1008,0.948,30.1,0.2
