name,qtype,m,n,rel_rmse,r90,r95,stable_rank,recov@r16,recov@r32,recov@r64,recov@r128
token_embd.weight,14,151936,1024,0.0178,900,961,228.6,0.028,0.051,0.093,0.167
blk.0.attn_k.weight,10,1024,1024,0.2989,490,595,64.6,0.125,0.191,0.291,0.449
blk.0.attn_output.weight,11,1024,2048,0.1516,652,774,159.4,0.06,0.109,0.194,0.335
blk.0.attn_q.weight,10,2048,1024,0.3019,642,765,100.5,0.087,0.142,0.226,0.361
blk.0.attn_v.weight,11,1024,1024,0.153,514,617,246.5,0.061,0.116,0.217,0.386
blk.0.ffn_down.weight,11,1024,3072,0.154,739,849,139.6,0.042,0.078,0.145,0.265
blk.0.ffn_gate.weight,10,3072,1024,0.2988,726,840,340.7,0.044,0.084,0.157,0.284
blk.0.ffn_up.weight,10,3072,1024,0.2998,742,851,407.3,0.038,0.074,0.141,0.261
blk.1.attn_k.weight,10,1024,1024,0.2994,480,586,144.6,0.094,0.166,0.281,0.453
blk.1.attn_output.weight,11,1024,2048,0.1519,654,773,166.6,0.051,0.095,0.176,0.317
blk.1.attn_q.weight,10,2048,1024,0.2991,629,755,152.9,0.084,0.15,0.249,0.386
blk.1.attn_v.weight,11,1024,1024,0.1521,515,617,248.5,0.061,0.116,0.216,0.385
blk.1.ffn_down.weight,11,1024,3072,0.156,736,847,126.7,0.044,0.08,0.147,0.268
blk.1.ffn_gate.weight,10,3072,1024,0.2962,731,843,388.6,0.04,0.077,0.146,0.269
blk.1.ffn_up.weight,10,3072,1024,0.2989,732,844,369.0,0.041,0.078,0.148,0.272
blk.2.attn_k.weight,10,1024,1024,0.2988,473,576,140.6,0.092,0.161,0.276,0.451
blk.2.attn_output.weight,11,1024,2048,0.152,658,778,143.0,0.054,0.099,0.18,0.319
blk.2.attn_q.weight,10,2048,1024,0.3004,628,755,155.6,0.085,0.152,0.256,0.393
blk.2.attn_v.weight,11,1024,1024,0.1524,502,605,228.3,0.065,0.124,0.229,0.402
blk.2.ffn_down.weight,11,1024,3072,0.1557,738,848,88.5,0.047,0.082,0.149,0.269
blk.2.ffn_gate.weight,10,3072,1024,0.2976,727,840,352.6,0.041,0.079,0.149,0.274
blk.2.ffn_up.weight,10,3072,1024,0.2989,737,848,288.7,0.042,0.079,0.147,0.268
blk.3.attn_k.weight,10,1024,1024,0.3025,467,572,118.4,0.102,0.175,0.291,0.465
blk.3.attn_output.weight,11,1024,2048,0.152,650,768,187.7,0.051,0.096,0.178,0.319
blk.3.attn_q.weight,10,2048,1024,0.3002,630,756,144.3,0.086,0.15,0.248,0.385
blk.3.attn_v.weight,11,1024,1024,0.1532,509,612,233.9,0.063,0.12,0.223,0.394
blk.3.ffn_down.weight,11,1024,3072,0.1543,734,845,174.6,0.042,0.078,0.146,0.267
blk.3.ffn_gate.weight,10,3072,1024,0.2976,730,842,341.0,0.041,0.078,0.148,0.272
blk.3.ffn_up.weight,10,3072,1024,0.2991,735,846,380.3,0.04,0.077,0.146,0.268
blk.4.attn_k.weight,10,1024,1024,0.2996,476,580,156.5,0.087,0.159,0.273,0.447
blk.4.attn_output.weight,11,1024,2048,0.1523,659,776,196.7,0.048,0.091,0.17,0.309
blk.4.attn_q.weight,10,2048,1024,0.2989,642,765,151.8,0.074,0.129,0.216,0.354
blk.4.attn_v.weight,11,1024,1024,0.1529,510,613,243.7,0.062,0.118,0.22,0.39
blk.4.ffn_down.weight,11,1024,3072,0.1552,736,846,156.6,0.042,0.078,0.146,0.266
blk.4.ffn_gate.weight,10,3072,1024,0.2968,731,843,360.8,0.04,0.078,0.148,0.272
blk.4.ffn_up.weight,10,3072,1024,0.2987,735,846,377.0,0.04,0.077,0.146,0.268
blk.5.attn_k.weight,10,1024,1024,0.2983,488,593,139.8,0.088,0.154,0.263,0.434
blk.5.attn_output.weight,11,1024,2048,0.1509,669,787,182.2,0.049,0.092,0.171,0.307
blk.5.attn_q.weight,10,2048,1024,0.3003,636,761,146.5,0.087,0.152,0.245,0.378
blk.5.attn_v.weight,11,1024,1024,0.1532,514,616,247.0,0.061,0.117,0.217,0.386
blk.5.ffn_down.weight,11,1024,3072,0.1545,737,847,158.8,0.042,0.078,0.145,0.265
blk.5.ffn_gate.weight,10,3072,1024,0.2974,731,843,373.2,0.041,0.078,0.148,0.272
blk.5.ffn_up.weight,10,3072,1024,0.2987,736,847,388.2,0.039,0.076,0.144,0.266
blk.6.attn_k.weight,10,1024,1024,0.3018,446,550,115.0,0.1,0.174,0.296,0.48
blk.6.attn_output.weight,11,1024,2048,0.152,647,765,166.2,0.051,0.095,0.176,0.316
blk.6.attn_q.weight,10,2048,1024,0.2993,605,735,115.8,0.103,0.184,0.304,0.438
blk.6.attn_v.weight,11,1024,1024,0.1529,505,608,234.1,0.064,0.122,0.226,0.399
blk.6.ffn_down.weight,11,1024,3072,0.1549,730,840,148.0,0.043,0.079,0.147,0.269
blk.6.ffn_gate.weight,10,3072,1024,0.2978,731,844,359.2,0.041,0.079,0.149,0.273
blk.6.ffn_up.weight,10,3072,1024,0.2988,734,846,375.8,0.04,0.077,0.145,0.268
blk.7.attn_k.weight,10,1024,1024,0.2987,489,594,164.0,0.083,0.15,0.261,0.435
blk.7.attn_output.weight,11,1024,2048,0.1519,651,767,159.3,0.05,0.093,0.172,0.311
blk.7.attn_q.weight,10,2048,1024,0.2994,643,767,141.2,0.082,0.141,0.227,0.362
blk.7.attn_v.weight,11,1024,1024,0.1528,513,616,240.7,0.061,0.118,0.218,0.388
blk.7.ffn_down.weight,11,1024,3072,0.1549,721,831,115.7,0.045,0.082,0.15,0.273
blk.7.ffn_gate.weight,10,3072,1024,0.2969,727,841,366.6,0.042,0.08,0.151,0.277
blk.7.ffn_up.weight,10,3072,1024,0.2987,733,844,340.0,0.042,0.079,0.149,0.272
blk.8.attn_k.weight,10,1024,1024,0.3027,464,572,49.9,0.118,0.188,0.304,0.478
blk.8.attn_output.weight,11,1024,2048,0.152,643,758,107.0,0.055,0.099,0.18,0.32
blk.8.attn_q.weight,10,2048,1024,0.2997,614,742,179.4,0.077,0.141,0.246,0.4
blk.8.attn_v.weight,11,1024,1024,0.1525,512,614,242.6,0.062,0.118,0.22,0.389
blk.8.ffn_down.weight,11,1024,3072,0.1546,715,823,121.8,0.045,0.082,0.151,0.274
blk.8.ffn_gate.weight,10,3072,1024,0.2978,725,839,236.3,0.044,0.083,0.154,0.28
blk.8.ffn_up.weight,10,3072,1024,0.2987,734,845,383.2,0.039,0.076,0.145,0.268
blk.9.attn_k.weight,10,1024,1024,0.3029,476,582,105.7,0.1,0.168,0.281,0.456
blk.9.attn_output.weight,11,1024,2048,0.1519,643,760,125.6,0.055,0.101,0.183,0.324
blk.9.attn_q.weight,10,2048,1024,0.3001,616,744,141.7,0.08,0.145,0.25,0.4
blk.9.attn_v.weight,11,1024,1024,0.1541,502,606,229.5,0.065,0.124,0.229,0.403
blk.9.ffn_down.weight,11,1024,3072,0.1558,714,824,132.4,0.045,0.082,0.152,0.277
blk.9.ffn_gate.weight,10,3072,1024,0.2979,719,834,345.5,0.044,0.084,0.158,0.286
blk.9.ffn_up.weight,10,3072,1024,0.2989,733,844,384.7,0.04,0.077,0.146,0.269
blk.10.attn_k.weight,10,1024,1024,0.2978,489,593,114.2,0.082,0.149,0.26,0.433
blk.10.attn_output.weight,11,1024,2048,0.1523,645,759,160.1,0.053,0.097,0.177,0.316
blk.10.attn_q.weight,10,2048,1024,0.2994,644,768,164.9,0.078,0.136,0.222,0.357
blk.10.attn_v.weight,11,1024,1024,0.1528,513,615,241.9,0.062,0.118,0.219,0.388
blk.10.ffn_down.weight,11,1024,3072,0.1576,721,832,135.8,0.044,0.082,0.151,0.275
blk.10.ffn_gate.weight,10,3072,1024,0.2992,709,827,318.5,0.046,0.087,0.164,0.295
blk.10.ffn_up.weight,10,3072,1024,0.3002,732,844,382.9,0.04,0.077,0.147,0.27
blk.11.attn_k.weight,10,1024,1024,0.3043,460,563,149.8,0.086,0.155,0.273,0.457
blk.11.attn_output.weight,11,1024,2048,0.153,644,766,125.4,0.064,0.112,0.195,0.336
blk.11.attn_q.weight,10,2048,1024,0.3009,590,723,126.9,0.1,0.178,0.298,0.453
blk.11.attn_v.weight,11,1024,1024,0.155,504,607,234.8,0.064,0.122,0.225,0.398
blk.11.ffn_down.weight,11,1024,3072,0.1564,717,829,105.7,0.047,0.084,0.155,0.279
blk.11.ffn_gate.weight,10,3072,1024,0.2989,717,833,305.3,0.046,0.088,0.162,0.291
blk.11.ffn_up.weight,10,3072,1024,0.2993,731,843,382.7,0.04,0.078,0.148,0.272
blk.12.attn_k.weight,10,1024,1024,0.2993,475,581,153.4,0.084,0.152,0.269,0.45
blk.12.attn_output.weight,11,1024,2048,0.1521,636,752,136.6,0.054,0.099,0.181,0.323
blk.12.attn_q.weight,10,2048,1024,0.299,611,741,161.5,0.084,0.152,0.262,0.419
blk.12.attn_v.weight,11,1024,1024,0.1523,511,613,237.0,0.062,0.119,0.221,0.391
blk.12.ffn_down.weight,11,1024,3072,0.1558,712,823,98.1,0.048,0.086,0.156,0.281
blk.12.ffn_gate.weight,10,3072,1024,0.2984,719,835,333.8,0.045,0.086,0.16,0.288
blk.12.ffn_up.weight,10,3072,1024,0.2996,731,843,378.4,0.04,0.078,0.148,0.271
blk.13.attn_k.weight,10,1024,1024,0.2996,471,577,172.3,0.08,0.149,0.266,0.449
blk.13.attn_output.weight,11,1024,2048,0.1524,630,745,142.1,0.055,0.101,0.184,0.327
blk.13.attn_q.weight,10,2048,1024,0.2982,603,735,146.2,0.092,0.163,0.276,0.432
blk.13.attn_v.weight,11,1024,1024,0.1524,509,612,236.2,0.063,0.12,0.222,0.393
blk.13.ffn_down.weight,11,1024,3072,0.157,711,821,104.5,0.047,0.085,0.155,0.28
blk.13.ffn_gate.weight,10,3072,1024,0.2997,716,833,283.5,0.048,0.09,0.165,0.295
blk.13.ffn_up.weight,10,3072,1024,0.3,730,843,383.4,0.04,0.078,0.147,0.271
blk.14.attn_k.weight,10,1024,1024,0.3014,464,570,125.9,0.091,0.164,0.284,0.466
blk.14.attn_output.weight,11,1024,2048,0.1522,637,752,145.1,0.052,0.097,0.179,0.32
blk.14.attn_q.weight,10,2048,1024,0.2999,609,739,161.4,0.08,0.145,0.253,0.408
blk.14.attn_v.weight,11,1024,1024,0.1525,510,612,239.6,0.062,0.119,0.221,0.392
blk.14.ffn_down.weight,11,1024,3072,0.1577,714,825,118.8,0.046,0.083,0.153,0.278
blk.14.ffn_gate.weight,10,3072,1024,0.3006,715,832,274.0,0.048,0.091,0.167,0.297
blk.14.ffn_up.weight,10,3072,1024,0.3003,730,842,379.1,0.04,0.078,0.148,0.272
blk.15.attn_k.weight,10,1024,1024,0.2999,479,586,171.3,0.081,0.15,0.265,0.444
blk.15.attn_output.weight,11,1024,2048,0.1528,636,750,174.8,0.053,0.098,0.181,0.323
blk.15.attn_q.weight,10,2048,1024,0.2997,604,735,152.2,0.088,0.16,0.275,0.431
blk.15.attn_v.weight,11,1024,1024,0.1537,510,613,237.4,0.063,0.12,0.222,0.393
blk.15.ffn_down.weight,11,1024,3072,0.1575,712,821,126.4,0.045,0.082,0.152,0.276
blk.15.ffn_gate.weight,10,3072,1024,0.3008,710,828,263.1,0.051,0.095,0.173,0.305
blk.15.ffn_up.weight,10,3072,1024,0.3003,729,841,374.5,0.041,0.078,0.148,0.273
blk.16.attn_k.weight,10,1024,1024,0.3053,446,554,58.7,0.14,0.212,0.328,0.503
blk.16.attn_output.weight,11,1024,2048,0.1527,635,750,157.6,0.055,0.101,0.184,0.326
blk.16.attn_q.weight,10,2048,1024,0.2998,564,701,154.4,0.092,0.17,0.299,0.48
blk.16.attn_v.weight,11,1024,1024,0.1535,505,609,235.7,0.064,0.122,0.225,0.398
blk.16.ffn_down.weight,11,1024,3072,0.159,739,850,111.2,0.045,0.08,0.147,0.267
blk.16.ffn_gate.weight,10,3072,1024,0.3029,712,830,292.9,0.048,0.091,0.168,0.3
blk.16.ffn_up.weight,10,3072,1024,0.3025,731,843,386.6,0.04,0.077,0.146,0.27
blk.17.attn_k.weight,10,1024,1024,0.3005,481,588,188.9,0.077,0.144,0.258,0.439
blk.17.attn_output.weight,11,1024,2048,0.1528,642,759,214.9,0.052,0.097,0.18,0.322
blk.17.attn_q.weight,10,2048,1024,0.3002,595,727,158.2,0.084,0.153,0.268,0.431
blk.17.attn_v.weight,11,1024,1024,0.1542,504,608,233.5,0.064,0.122,0.226,0.398
blk.17.ffn_down.weight,11,1024,3072,0.1571,733,844,150.0,0.043,0.08,0.148,0.271
blk.17.ffn_gate.weight,10,3072,1024,0.3024,715,832,290.8,0.048,0.091,0.167,0.297
blk.17.ffn_up.weight,10,3072,1024,0.3005,729,842,374.8,0.04,0.078,0.148,0.272
blk.18.attn_k.weight,10,1024,1024,0.3022,465,571,143.7,0.094,0.167,0.284,0.463
blk.18.attn_output.weight,11,1024,2048,0.1529,648,763,190.1,0.051,0.096,0.176,0.316
blk.18.attn_q.weight,10,2048,1024,0.2987,572,708,147.7,0.095,0.173,0.298,0.472
blk.18.attn_v.weight,11,1024,1024,0.1542,511,613,239.1,0.063,0.119,0.221,0.39
blk.18.ffn_down.weight,11,1024,3072,0.1578,733,845,160.3,0.043,0.08,0.148,0.27
blk.18.ffn_gate.weight,10,3072,1024,0.3032,715,832,253.4,0.051,0.093,0.169,0.299
blk.18.ffn_up.weight,10,3072,1024,0.3009,730,842,365.2,0.041,0.078,0.148,0.272
blk.19.attn_k.weight,10,1024,1024,0.3014,471,577,136.4,0.088,0.157,0.274,0.454
blk.19.attn_output.weight,11,1024,2048,0.1528,645,762,221.2,0.051,0.097,0.179,0.321
blk.19.attn_q.weight,10,2048,1024,0.2991,549,689,147.7,0.097,0.177,0.31,0.495
blk.19.attn_v.weight,11,1024,1024,0.1549,503,606,221.7,0.067,0.125,0.23,0.402
blk.19.ffn_down.weight,11,1024,3072,0.1582,733,845,153.7,0.047,0.084,0.152,0.274
blk.19.ffn_gate.weight,10,3072,1024,0.3034,715,832,222.6,0.05,0.093,0.169,0.299
blk.19.ffn_up.weight,10,3072,1024,0.3017,730,843,211.0,0.042,0.08,0.15,0.274
blk.20.attn_k.weight,10,1024,1024,0.3037,477,582,160.8,0.081,0.147,0.26,0.439
blk.20.attn_output.weight,11,1024,2048,0.1539,648,766,200.4,0.052,0.096,0.177,0.318
blk.20.attn_q.weight,10,2048,1024,0.3008,552,691,144.2,0.095,0.173,0.302,0.485
blk.20.attn_v.weight,11,1024,1024,0.1572,498,602,208.0,0.069,0.13,0.237,0.411
blk.20.ffn_down.weight,11,1024,3072,0.1558,725,836,177.2,0.045,0.082,0.151,0.274
blk.20.ffn_gate.weight,10,3072,1024,0.302,723,838,282.1,0.047,0.087,0.161,0.288
blk.20.ffn_up.weight,10,3072,1024,0.3009,732,844,385.4,0.04,0.077,0.147,0.27
blk.21.attn_k.weight,10,1024,1024,0.3034,452,557,118.2,0.102,0.172,0.289,0.471
blk.21.attn_output.weight,11,1024,2048,0.1529,644,764,190.4,0.06,0.108,0.192,0.333
blk.21.attn_q.weight,10,2048,1024,0.3015,563,700,160.8,0.089,0.163,0.285,0.462
blk.21.attn_v.weight,11,1024,1024,0.1551,488,593,172.1,0.081,0.149,0.261,0.435
blk.21.ffn_down.weight,11,1024,3072,0.1538,713,825,225.0,0.044,0.081,0.152,0.277
blk.21.ffn_gate.weight,10,3072,1024,0.301,727,841,296.8,0.046,0.086,0.158,0.284
blk.21.ffn_up.weight,10,3072,1024,0.3002,733,844,387.5,0.04,0.077,0.146,0.269
blk.22.attn_k.weight,10,1024,1024,0.3011,465,569,169.8,0.082,0.15,0.268,0.451
blk.22.attn_output.weight,11,1024,2048,0.1516,651,769,183.9,0.052,0.096,0.176,0.315
blk.22.attn_q.weight,10,2048,1024,0.2998,570,704,172.8,0.083,0.153,0.272,0.446
blk.22.attn_v.weight,11,1024,1024,0.1559,498,601,225.5,0.066,0.125,0.229,0.403
blk.22.ffn_down.weight,11,1024,3072,0.153,702,813,259.6,0.043,0.081,0.153,0.28
blk.22.ffn_gate.weight,10,3072,1024,0.2999,730,843,250.2,0.044,0.082,0.153,0.277
blk.22.ffn_up.weight,10,3072,1024,0.2994,735,846,394.2,0.039,0.075,0.144,0.266
blk.23.attn_k.weight,10,1024,1024,0.3037,486,590,197.0,0.074,0.138,0.249,0.427
blk.23.attn_output.weight,11,1024,2048,0.1525,655,774,203.2,0.052,0.095,0.175,0.314
blk.23.attn_q.weight,10,2048,1024,0.3023,616,744,126.5,0.095,0.166,0.272,0.41
blk.23.attn_v.weight,11,1024,1024,0.1562,502,605,226.3,0.065,0.123,0.227,0.399
blk.23.ffn_down.weight,11,1024,3072,0.1523,695,805,294.3,0.043,0.081,0.154,0.282
blk.23.ffn_gate.weight,10,3072,1024,0.2987,734,846,317.3,0.042,0.08,0.149,0.272
blk.23.ffn_up.weight,10,3072,1024,0.2991,737,848,393.8,0.039,0.075,0.143,0.265
blk.24.attn_k.weight,10,1024,1024,0.3046,467,571,179.4,0.081,0.15,0.267,0.449
blk.24.attn_output.weight,11,1024,2048,0.1521,646,763,174.7,0.052,0.095,0.175,0.315
blk.24.attn_q.weight,10,2048,1024,0.3029,591,724,154.2,0.089,0.162,0.282,0.449
blk.24.attn_v.weight,11,1024,1024,0.1556,506,609,240.0,0.062,0.119,0.222,0.393
blk.24.ffn_down.weight,11,1024,3072,0.1521,699,811,323.0,0.042,0.081,0.153,0.28
blk.24.ffn_gate.weight,10,3072,1024,0.2985,736,847,267.2,0.042,0.079,0.148,0.27
blk.24.ffn_up.weight,10,3072,1024,0.2988,738,849,399.2,0.038,0.075,0.143,0.264
blk.25.attn_k.weight,10,1024,1024,0.3032,471,574,188.7,0.076,0.142,0.256,0.438
blk.25.attn_output.weight,11,1024,2048,0.152,652,770,214.9,0.051,0.095,0.175,0.315
blk.25.attn_q.weight,10,2048,1024,0.3036,576,709,174.6,0.082,0.152,0.27,0.444
blk.25.attn_v.weight,11,1024,1024,0.1553,506,608,236.1,0.063,0.121,0.223,0.394
blk.25.ffn_down.weight,11,1024,3072,0.1522,716,828,358.5,0.041,0.078,0.149,0.274
blk.25.ffn_gate.weight,10,3072,1024,0.2986,735,847,224.3,0.045,0.082,0.151,0.273
blk.25.ffn_up.weight,10,3072,1024,0.2987,737,848,367.9,0.039,0.075,0.143,0.265
blk.26.attn_k.weight,10,1024,1024,0.3012,477,580,171.5,0.082,0.149,0.263,0.44
blk.26.attn_output.weight,11,1024,2048,0.152,650,771,159.3,0.08,0.136,0.217,0.35
blk.26.attn_q.weight,10,2048,1024,0.3024,560,694,206.5,0.072,0.135,0.246,0.42
blk.26.attn_v.weight,11,1024,1024,0.1534,507,609,239.0,0.062,0.119,0.221,0.392
blk.26.ffn_down.weight,11,1024,3072,0.1531,729,842,269.5,0.051,0.093,0.163,0.284
blk.26.ffn_gate.weight,10,3072,1024,0.2991,729,842,71.7,0.058,0.096,0.165,0.286
blk.26.ffn_up.weight,10,3072,1024,0.2992,734,846,89.6,0.048,0.084,0.152,0.273
blk.27.attn_k.weight,10,1024,1024,0.2979,500,605,185.8,0.077,0.142,0.248,0.417
blk.27.attn_output.weight,11,1024,2048,0.151,670,787,268.3,0.049,0.091,0.17,0.306
blk.27.attn_q.weight,10,2048,1024,0.2989,640,764,181.6,0.076,0.138,0.235,0.371
blk.27.attn_v.weight,11,1024,1024,0.1523,516,619,249.6,0.06,0.116,0.216,0.384
blk.27.ffn_down.weight,11,1024,3072,0.1564,735,847,174.4,0.046,0.083,0.152,0.273
blk.27.ffn_gate.weight,10,3072,1024,0.2983,706,826,38.5,0.123,0.165,0.232,0.347
blk.27.ffn_up.weight,10,3072,1024,0.3002,722,837,41.5,0.089,0.126,0.192,0.309
